{
  "experiment_name": "Message_Size_Comparison",
  "parameters": {
    "key_length": 1024,
    "num_messages": 5000,
    "trials": 10,
    "bit_lengths": [
      128,
      256,
      512,
      1024,
      2048,
      4096,
      8192
    ]
  },
  "traditional_times": [
    80.07297000040126,
    72.52524444407351,
    77.72096666687705,
    66.52123333333293,
    66.95218999993813,
    66.44874444545066,
    79.48205555577361
  ],
  "optimized_times": [
    20.311066666585653,
    18.858200000168935,
    21.869444444140147,
    17.92530999991868,
    17.98663000081433,
    17.797788888856303,
    19.65014444390868
  ],
  "reduce_times": [
    80.19990000017667,
    74.48986666673187,
    84.44601111073604,
    69.96338000026299,
    69.50666000011552,
    68.6972444434812,
    80.37597000038659
  ],
  "raw_data": {
    "128": {
      "traditional_raw": [
        71.57910000023548,
        69.8779000013019,
        67.04460000037216,
        67.66749999951571,
        68.55760000144073,
        94.74500000033004,
        99.58209999967949,
        79.3935000001511,
        76.13649999984773,
        106.14590000113822
      ],
      "optimized_raw": [
        20.077699999092147,
        18.703100000493578,
        18.40459999948507,
        16.557999999349704,
        17.136299999037874,
        24.916800000937656,
        29.596800000945223,
        23.071100000379374,
        18.6202000004414,
        25.311800000054063
      ],
      "reduce_raw": [
        76.15100000111852,
        70.7669999992504,
        69.21959999999672,
        69.09340000129305,
        69.96540000000095,
        98.0163000003813,
        105.34149999875808,
        85.82800000112911,
        77.41689999966184,
        142.27759999994305
      ]
    },
    "256": {
      "traditional_raw": [
        78.04269999905955,
        72.63989999955811,
        71.94840000011027,
        71.19210000018938,
        72.90359999933571,
        72.31259999934991,
        76.4208000000508,
        73.40729999850737,
        68.9182999994955,
        72.98420000006445
      ],
      "optimized_raw": [
        19.673900000270805,
        18.060599999444094,
        18.645399999513756,
        18.89400000072783,
        20.569799999066163,
        18.9831999996386,
        18.761200000881217,
        19.60710000093968,
        18.79960000042047,
        18.29879999968398
      ],
      "reduce_raw": [
        85.74349999980768,
        74.2061000000831,
        73.79939999918861,
        72.94329999967886,
        79.78059999913967,
        72.51690000157396,
        75.35640000060084,
        74.01059999938298,
        72.7273000011337,
        75.06819999980507
      ]
    },
    "512": {
      "traditional_raw": [
        81.54770000146527,
        78.8516000011441,
        75.53700000062236,
        82.25219999985711,
        90.2726000003895,
        83.56989999992948,
        152.82630000001518,
        69.30839999949967,
        68.18719999864697,
        69.96210000033898
      ],
      "optimized_raw": [
        20.423399999344838,
        24.98100000047998,
        20.409799999470124,
        23.264699999344884,
        31.165899999905378,
        22.61709999947925,
        61.15069999941625,
        18.026100000497536,
        19.18929999919783,
        16.74769999954151
      ],
      "reduce_raw": [
        84.95509999920614,
        83.33160000074713,
        82.66179999918677,
        87.0943999998417,
        112.64479999954347,
        94.88039999996545,
        171.85779999999795,
        71.49869999921066,
        72.81429999966349,
        70.13299999925948
      ]
    },
    "1024": {
      "traditional_raw": [
        68.74419999985548,
        66.57799999993586,
        68.5579000000871,
        66.39530000029481,
        72.82409999970696,
        65.24069999977655,
        66.2809000004927,
        67.93710000056308,
        64.99669999902835,
        63.960299999962444
      ],
      "optimized_raw": [
        18.067900000460213,
        17.56320000095002,
        18.097199999829172,
        18.706500000917003,
        19.160300000294228,
        16.82979999895906,
        18.132699999114266,
        18.437999999150634,
        17.14919999903941,
        17.10830000047281
      ],
      "reduce_raw": [
        71.03939999979048,
        69.10480000078678,
        72.09979999970528,
        69.92110000101093,
        74.69300000047951,
        74.48029999977734,
        67.03790000028675,
        70.05460000073072,
        66.20509999993374,
        64.99780000012834
      ]
    },
    "2048": {
      "traditional_raw": [
        64.1847000006237,
        66.6244000003644,
        69.84180000108609,
        67.80399999843212,
        68.40510000074573,
        68.19249999898602,
        69.77759999972477,
        64.28009999945061,
        63.06659999972908,
        67.34510000023874
      ],
      "optimized_raw": [
        17.298100001426064,
        17.71580000058748,
        18.738300001132302,
        18.73179999893182,
        18.24080000005779,
        18.507800001316355,
        18.624500000441913,
        17.382400001224596,
        17.009800001687836,
        17.617000001337146
      ],
      "reduce_raw": [
        67.60429999849293,
        68.67999999849417,
        72.45920000059414,
        72.96950000090874,
        70.51990000036312,
        70.41700000081619,
        71.95750000028056,
        65.65000000045984,
        66.6066999983741,
        68.20250000237138
      ]
    },
    "4096": {
      "traditional_raw": [
        64.79269999908865,
        64.76309999925434,
        63.25419999848236,
        63.29110000297078,
        64.16570000146748,
        64.79890000264277,
        63.759399999980815,
        63.139500001852866,
        93.05390000008629,
        86.07410000331583
      ],
      "optimized_raw": [
        17.19569999841042,
        16.96309999897494,
        17.15600000170525,
        17.222800001036376,
        17.480000002251472,
        17.42259999809903,
        17.170499999338062,
        17.363599999953294,
        22.20579999993788,
        22.29580000130227
      ],
      "reduce_raw": [
        64.5946999975422,
        65.75139999767998,
        65.32119999974384,
        64.61449999915203,
        66.21959999756655,
        66.53230000301846,
        65.54529999993974,
        65.01649999700021,
        94.67969999968773,
        95.57379999750992
      ]
    },
    "8192": {
      "traditional_raw": [
        84.63169999959064,
        73.43369999944116,
        64.17180000062217,
        73.19890000144369,
        66.7302000001655,
        67.15299999996205,
        69.37949999701232,
        156.58999999868684,
        140.85330000307295,
        75.78640000065207
      ],
      "optimized_raw": [
        20.287700001063058,
        19.741500000236556,
        18.239299999549985,
        19.451099997240817,
        18.63959999900544,
        18.247199997858843,
        18.044000000372762,
        65.92589999854681,
        23.37249999982305,
        20.828400000027614
      ],
      "reduce_raw": [
        80.3221999995003,
        90.44499999799882,
        65.864899999724,
        73.30070000170963,
        69.87830000070971,
        68.87530000312836,
        70.87010000032024,
        107.0770000005723,
        99.86770000250544,
        77.25849999769707
      ]
    }
  }
}