{
  "experiment_name": "Message_Count_Comparison",
  "parameters": {
    "key_length": 1024,
    "message_bits": 8192,
    "trials": 10,
    "message_counts": [
      100,
      500,
      1000,
      2000,
      3000,
      4000,
      5000,
      6000,
      7000,
      8000
    ]
  },
  "traditional_times": [
    1.386322222218597,
    7.180044444459731,
    13.933299999987664,
    27.789999999943877,
    41.84167999992496,
    54.755322222061096,
    68.01850000051166,
    83.31635000031383,
    115.9503400001995,
    158.2802333359723
  ],
  "optimized_times": [
    0.4060777777776063,
    1.7817599999943923,
    3.278233333301412,
    6.828077777703988,
    10.183522222076943,
    13.69734444445688,
    17.05496666707202,
    20.474233333111947,
    28.933120000510826,
    39.700455554541094
  ],
  "reduce_times": [
    1.3762777777799329,
    6.876577777783647,
    13.954488888897584,
    28.33825555555652,
    42.17489999993833,
    55.970188888851325,
    69.86174000012397,
    84.98010000039358,
    119.27539999924193,
    164.37443333416013
  ],
  "raw_data": {
    "100": {
      "traditional_raw": [
        1.2729999999976371,
        1.3840999999956694,
        1.3883000000021184,
        1.3474000000144315,
        2.5674999999978354,
        1.5771999999856234,
        1.3883000000021184,
        1.2496999999882519,
        1.4094999999940683,
        1.459399999987454
      ],
      "optimized_raw": [
        0.5197000000123353,
        0.560500000005959,
        0.39090000001351655,
        0.37169999998809544,
        0.7153999999900407,
        0.3790000000094551,
        0.37089999997874656,
        0.33909999999082174,
        0.36839999998505846,
        0.35450000001446824
      ],
      "reduce_raw": [
        1.2671000000068489,
        1.5699000000211072,
        1.4125000000149157,
        1.371500000004744,
        2.475900000007414,
        1.257299999991801,
        1.4132999999958429,
        1.3975999999900068,
        1.4233999999930802,
        1.2739000000010492
      ]
    },
    "500": {
      "traditional_raw": [
        10.438600000043152,
        6.6027000000303815,
        7.021099999974467,
        7.291400000042358,
        7.107800000085263,
        8.550700000000688,
        7.281799999987015,
        7.318499999996675,
        6.527600000026723,
        6.9187999999940075
      ],
      "optimized_raw": [
        2.186800000004041,
        1.5348999999673651,
        1.6391999999996187,
        1.7588000000046122,
        1.7235999999911655,
        2.1471999999675973,
        1.9095000000106666,
        1.7540000000053624,
        1.53499999998985,
        1.6286000000036438
      ],
      "reduce_raw": [
        9.397899999953552,
        6.272500000022774,
        6.467400000019552,
        6.804799999997613,
        6.909399999926791,
        7.430500000054963,
        7.5458000000026,
        7.146300000044903,
        6.701899999939087,
        6.610600000044542
      ]
    },
    "1000": {
      "traditional_raw": [
        14.070100000026287,
        13.986400000021604,
        14.430700000048091,
        13.755699999819626,
        13.995799999975134,
        15.552600000091843,
        13.476200000013705,
        14.675599999918632,
        13.991799999985233,
        13.01740000008067
      ],
      "optimized_raw": [
        3.1275999999706983,
        3.4447000000454864,
        3.391499999906955,
        3.4166000000368513,
        3.0904000000191445,
        6.642700000156765,
        3.0517000000145345,
        3.539000000046144,
        3.3959999998387502,
        3.046599999834143
      ],
      "reduce_raw": [
        13.507499999946049,
        14.310200000181794,
        14.210199999979523,
        14.155700000173965,
        13.477399999828776,
        23.973500000010972,
        12.873800000079427,
        14.996800000062649,
        14.215699999795106,
        13.843100000030972
      ]
    },
    "2000": {
      "traditional_raw": [
        27.954399999998714,
        28.019599999879574,
        28.428300000086892,
        27.85360000007131,
        26.432800000293355,
        27.003199999853678,
        27.718199999981152,
        28.656999999839172,
        25.47229999981937,
        28.042899999491055
      ],
      "optimized_raw": [
        6.873899999845889,
        6.7893000000367465,
        6.758300000001327,
        6.779499999993277,
        6.0868000000482425,
        6.921700000020792,
        6.94019999991724,
        6.770899999992253,
        6.695000000036089,
        6.923899999492278
      ],
      "reduce_raw": [
        28.009199999814882,
        28.634400000100868,
        28.38900000006106,
        25.95819999987725,
        28.381699999954435,
        27.61980000013864,
        28.84170000015729,
        28.647099999943748,
        27.59409999998752,
        28.92729999985022
      ]
    },
    "3000": {
      "traditional_raw": [
        42.27210000044579,
        43.55739999937214,
        41.219200000341516,
        42.70989999986341,
        42.52319999977772,
        42.082299999492534,
        41.49460000007821,
        40.75749999992695,
        40.886699999646225,
        40.91390000030515
      ],
      "optimized_raw": [
        10.159899999962363,
        10.140899999896646,
        10.298000000148022,
        10.162499999751162,
        10.193299999627925,
        10.146099999474245,
        10.115099999893573,
        10.388700000476092,
        10.213200000180223,
        10.222699999758333
      ],
      "reduce_raw": [
        42.66410000036558,
        41.600600000492705,
        41.41929999968852,
        46.36970000046858,
        42.8208999992421,
        43.156400000043504,
        41.63590000007389,
        42.06929999963904,
        42.24729999987176,
        41.96030000002793
      ]
    },
    "4000": {
      "traditional_raw": [
        56.28509999951348,
        52.400200000192854,
        56.39259999952628,
        54.78659999971569,
        55.09869999877992,
        61.70090000159689,
        54.75430000115011,
        53.657800001019496,
        53.76049999904353,
        55.66209999960847
      ],
      "optimized_raw": [
        13.488800000232004,
        14.214700000593439,
        13.581200000771787,
        13.831199999913224,
        13.707899999644724,
        23.54369999920891,
        13.669300000401563,
        13.457499999276479,
        13.536200000089593,
        13.789299999189097
      ],
      "reduce_raw": [
        56.291699999746925,
        56.111500000042724,
        56.88379999992321,
        54.65399999957299,
        55.64250000134052,
        62.49960000059218,
        53.85310000019672,
        57.9993999999715,
        56.52129999907629,
        55.77439999979106
      ]
    },
    "5000": {
      "traditional_raw": [
        68.55720000021392,
        68.34630000048492,
        70.35280000127386,
        68.60090000009222,
        67.26400000115973,
        67.72230000024138,
        65.46780000098806,
        66.10980000004929,
        69.74540000010165,
        72.71160000163945
      ],
      "optimized_raw": [
        17.124500000136322,
        17.04980000067735,
        16.795300000012503,
        17.00890000029176,
        17.026600000463077,
        17.358300001433236,
        15.968700001394609,
        17.200799999045557,
        17.01360000151908,
        16.91690000006929
      ],