{
  "experiment_name": "Key_Length_Comparison",
  "parameters": {
    "num_messages": 5000,
    "message_bits": 8192,
    "trials": 10,
    "key_lengths": [
      256,
      512,
      1024,
      2048,
      3072
    ]
  },
  "traditional_times": [
    10.06351999998003,
    23.86077777787755,
    77.72598888894007,
    231.26590000012786,
    472.5421666646273
  ],
  "optimized_times": [
    7.236177777779555,
    9.882750000065244,
    19.60513333324343,
    39.79021111141871,
    67.68021111040272
  ],
  "reduce_times": [
    12.08412000000294,
    25.28737777778487,
    78.73077777791575,
    236.11094444438802,
    477.6963222199508
  ],
  "raw_data": {
    "256": {
      "traditional_raw": [
        9.957799999995132,
        8.855199999999286,
        11.506099999962771,
        10.399800000016057,
        9.750099999962458,
        8.98309999996627,
        10.04909999994652,
        10.156499999993684,
        9.40960000002633,
        11.567899999931797
      ],
      "optimized_raw": [
        6.927099999984421,
        6.218099999983906,
        9.975399999973433,
        7.967100000030314,
        6.43489999998792,
        7.718599999975595,
        7.776900000067144,
        6.683800000018891,
        7.803999999964617,
        7.595100000003185
      ],
      "reduce_raw": [
        8.982600000024377,
        10.47280000000228,
        17.869099999984428,
        11.8724999999813,
        9.748100000024351,
        11.543100000039885,
        11.640800000009222,
        9.097500000052605,
        11.826199999973142,
        17.788499999937812
      ]
    },
    "512": {
      "traditional_raw": [
        24.61700000003475,
        24.007200000141893,
        24.05070000008891,
        24.154100000032486,
        23.025400000051377,
        24.0080000000944,
        24.00539999985085,
        23.09510000031878,
        23.784100000284525,
        25.605799999993906
      ],
      "optimized_raw": [
        9.062699999958568,
        9.001599999919563,
        8.86480000008305,
        9.805099999994127,
        10.383600000068327,
        10.3862000000845,
        10.439000000133092,
        10.079800000312389,
        10.264099999858445,
        10.540600000240374
      ],
      "reduce_raw": [
        25.9005000000343,
        25.460399999928995,
        25.138500000139175,
        25.348800000074334,
        25.382699999909164,
        24.378900000101567,
        25.500899999997273,
        25.665199999821198,
        24.8105000000578,
        23.97689999997965
      ]
    },
    "1024": {
      "traditional_raw": [
        68.91790000008768,
        67.38159999986237,
        67.94090000039432,
        172.38499999984924,
        111.92010000013397,
        91.14150000004884,
        72.67859999956272,
        73.10039999993023,
        71.10620000094059,
        75.34669999949983
      ],
      "optimized_raw": [
        17.414799999642128,
        17.188399999668036,
        17.50339999989592,
        41.17969999970228,
        30.510200000207988,
        21.100799999658193,
        17.18769999934011,
        18.139499999961117,
        18.553500000052736,
        18.84790000076464
      ],
      "reduce_raw": [
        67.90330000012545,
        67.44399999979578,
        68.01120000000083,
        169.73700000016834,
        119.63589999959368,
        91.51380000002973,
        73.68299999961891,
        73.47159999972064,
        71.00230000105512,
        75.91190000130155
      ]
    },
    "2048": {
      "traditional_raw": [
        222.8106000002299,
        236.6370999989158,
        231.0631000000285,
        250.54560000353376,
        242.10049999965122,
        236.97859999811044,
        236.87060000156634,
        222.98670000236598,
        224.92899999997462,
        227.01690000030794
      ],
      "optimized_raw": [
        55.26040000040666,
        39.501999999629334,
        39.89550000005693,
        44.23469999892404,
        39.55190000124276,
        39.323099998000544,
        40.15910000089207,
        38.1736000017554,
        39.03390000050422,
        38.23810000176309
      ],
      "reduce_raw": [
        227.02639999988605,
        240.97310000070138,
        261.9470999998157,
        252.92300000000978,
        238.79680000027292,
        239.52640000061365,
        242.04129999998258,
        225.38390000045183,
        227.98799999873154,
        230.33959999884246
      ]
    },
    "3072": {
      "traditional_raw": [
        451.86370000010356,
        461.73629999975674,
        443.74770000285935,
        442.59969999984605,
        450.3718999985722,
        451.5516999963438,
        641.2152999982936,
        682.248700002674,
        445.555999991484,
        464.2371999943862
      ],
      "optimized_raw": [
        64.10749999486143,
        67.16510000114795,
        62.87929999962216,
        63.29040000127861,
        63.54639999335632,
        62.89709999691695,
        95.18480000406271,
        98.99969999969471,
        63.97470000956673,
        66.07659999281168
      ],
      "reduce_raw": [
        446.1391000004369,
        467.5633000006201,
        445.5054999998538,
        444.1290999966441,
        452.13959999819053,
        451.2295000022277,
        646.2792999955127,
        683.3512000011979,
        446.03369999094866,
        500.2477999951225
      ]
    }
  }
}